EventId,EventTemplate,Occurrences
0ce98313,<*> <*> <*> <*>,23
51815ad0,"acquire lock=, flags=, <*> <*> <*> <*> uid=, pid=",1
0f9ade43,"ready=true,policy=,wakefulness=,wksummary=,uasummary=,bootcompleted=true,boostinprogress=false,waitmodeenable=false,mode=false,manual=,auto=-,adj=.0userId=",199
ef893a34,<*> <*> <*> <*> <*> <*> <*> <*> to <*> <*> <*> <*>,4
b5dd9c4f,<*> is <*> <*> <*> <*> <*> <*> <*>,14
b5dd9c4f,"<*> <*> <*> <*> <*> uid=, pid=",14
b5dd9c4f,"updateClipping <*> getTopPadding=., <*>",14
b5dd9c4f,updateDimmedActivatedHideSensitive <*>,14
b5dd9c4f,<*> caller does not hold REAL_GET_TASKS; limiting output,14
b5dd9c4f,"setSystemUiVisibility vis= mask= oldVal= newVal= diff= fullscreenStackVis= dockedStackVis=, fullscreenStackBounds=Rect(,  - , ), dockedStackBounds=Rect(,  - , )",14
b5dd9c4f,cancelAutohide,14
b5dd9c4f,"notifyUiVisibilityChanged:vis=, SystemUiVisibility=",14
b5dd9c4f,Destroying surface <*> - <*> called by : : : <*> : : <*> <*> <*> <*> <*> <*> <*> <*>,14
b5dd9c4f,"userActivityNoUpdateLocked: eventTime=, event=, flags=, uid=",14
8f0a8da8,<*> <*> <*> <*> <*> <*>,51
0f9ade43,startAnimation <*>,199
ef893a34,remove(PendingIntent{: PendingIntentRecord{  broadcastIntent}}) changed bounds; rebatching,4
194ea104,<*> last=); user= USER_ROTATION_LOCKED,58
d6169692,<*> <*> <*> <*> <*>,64
9e4815fc,shouldBlockLocation <*> <*>,116
8f0a8da8,getNeighboringCellInfo calling app is ,51
0f9ade43,"<*> suspend blocker ""PowerManagerService.WakeLocks"".",199
9db6cece,<*> <*> = <*> <*> <*>,200
3c2ee2af,"Animating brightness: target=, rate=",15
46bdb8c8,suspendAutohide,19
a8278598,interceptKeyTq keycode= interactive=true keyguardActive=false policyFlags= down <*> canceled false,8
a8278598,resumeSuspendedAutohide,8
8f0a8da8,querySoundEffectsEnabled...,51
e58abc89,Bad activity token: @,69
0f9ade43,: <*> <*> <*> <*> <*>,199
be2214fc,"onTouchEvent::, x=., y=.",2
0ce98313,schedulePeek,23
fc3ab7b2,getRingtonePlayer...,2
fc3ab7b2,disable: < expand <*> alerts <*> back home recent clock navigationbar search quick_settings >,2
8f0a8da8,"updateLightsLocked,turn off notificationLight",51
0f9ade43,"overlapAmount:., previousNotificationEnd:., newYTranslation:-., location:, i:, getTopPadding:., getLocationOnScreen():-",199
55099f0c,<*> i:,2
27316024,onExpandingStarted,2
fb195195,onTrackingStarted,25
8f0a8da8,cancelPeek: false,51
0f9ade43,"flingToHeight: vel=., <*> target=., collapseSpeedUpFactor=., expandBecauseOfFalsing=false",199
0f9ade43,onTrackingStopped: true,199
0f9ade43,onExpandingFinished,199
0f9ade43,<*> <*> <*> <*> <*> : <*> <*>,199
0f9ade43,<*> <*> <*>,199
0f9ade43,<*> called <*> <*> <*> <*> <*> <*> <*> <*> <*> <*> <*> <*> <*>,199
c78dacc4,<*> <*> in <*> <*> <*> <*> <*> <*> <*> <*> <*> <*>,74
c78dacc4,<*> <*> <*> for <*>,74
c78dacc4,[PhoneIntfMgr] getDataEnabled: subId= <*>,74
c78dacc4,"onInterceptTouchEvent MotionEvent { <*> actionButton=, id[]=, x[]=., y[]=., toolType[]=TOOL_TYPE_FINGER, buttonState=, metaState=, flags=, edgeFlags=, pointerCount=, historySize=, eventTime=, downTime=, deviceId=, source= }, mBlockTouches=false",74
75598700,playSoundEffect   effectType: ,5
c78dacc4,"animateCollapsePanels:flags=, <*> <*> <*>",74
c78dacc4,START u0 <*> <*> <*> <*> <*> <*> from uid on display,74
0f9ade43,<*> <*> <*> <*> euid:,199
0f9ade43,"cancelNotification,index:",199
c78dacc4,"cancelNotificationLocked called,tell the app,reason = ",74
c78dacc4,cancelNotificationLocked:|||null|,74
0f9ade43,<*> =,199
0f9ade43,applyOptionsLocked: Unknown animationType=,199
0f9ade43,<*> <*> from <*> <*> <*> <*> <*> <*> <*> <*> <*> <*> <*> <*>,199
0f9ade43,removeNotification:|||null|,199
8f0a8da8,"updateNotificationShade: total=, active=",51
0f9ade43,"state.clipTopAmount:, i:",199
c78dacc4,setLightsOn(true),74
c78dacc4,removeNotificationChildren,74
8f0a8da8,<*> <*> <*> <*> { <*> <*> <*> <*> <*> <*> <*> } <*> <*> <*>,51
0f9ade43,getRecentTasks: <*>,199
82d30237,"cancelNotification,index:-",66
f094c934,makeExpandedInvisible: <*>,179
f094c934,closeQs,179
fdc970cd,instantCollapse,85
e58abc89,registerCallback not in UI.,69
0f9ade43,isMusicActive...,199
482e1e93,<*> <*> - <*> <*>,23
e02f1716,isBluetoothA2dpOn...,14
fb195195,isBluetoothScoOn...,25
e58abc89,<*> treamType:,69
0f9ade43,getDevicesForStream  streamType: ,199
8d7445f8,cleanUpApplicationRecord -- ,10
e02f1716,stopWifiDisplayScanLocked <*>,14
fb195195,getMode...,25
eeec1449,setSpeakerphoneOn <*> <*>,17
8f0a8da8,"sending alarm Alarm{ type when PendingIntent{: PendingIntentRecord{ <*> broadcastIntent}}},repeatInterval = ,listenerTag <*>",51
0f9ade43,Received TIME_TICK alarm; rescheduling,199
82d30237,received broadcast ,66
ef893a34,handleTimeUpdate,4
9db6cece,Killing : (adj ): empty for 1810s,200
3c2ee2af,unregisterAudioFocusListener...,15
46bdb8c8,abandonAudioFocus,19
250f653e,"[HSM] stayAwake false uid: , pid: ",1
6f21aae4,Pid: MediaPlayer destructor,4
ef893a34,Process :qzone (pid ) has died,4
8f0a8da8,<*> <*> <*> <*> service <*> <*>,51
0f9ade43,"new Process app=ProcessRecord{ ::qzone}, name: :qzone, euid: ",199
82d30237,enqueueNotificationInternal: <*> <*> <*> <*> <*> <*> <*> <*> <*> <*> <*> <*>,66
9db6cece,getRingerMode...,200
3c2ee2af,addNotification key=|||null|,15
46bdb8c8,mHeadsUpExistenceChangedRunnable,19
e58abc89,Marking notification as seen |||null|,69
0f9ade43,"rotationForOrientationLw(orient=, last=); user= USER_ROTATION_LOCKED",199
482e1e93,"cancelNotificationLocked,remove =",23
482e1e93,isWiredHeadsetOn...,23
99476f0e,"setDataSource(, , )",2
ade15b9a,"updateIsPoweredLocked: wasPowered=false, mIsPowered=false, oldPlugType=, mPlugType=, mBatteryLevel=",1
33c7b245,ACTION_BATTERY_CHANGED <*> <*> <*>,2
095d7dbe,updateChargingLocked: charging=false,6
482e1e93,"onReceive, action:",23
f094c934,<*> what=,179
942f09c2,battery changed pluggedType: ,6
33c7b245,RefreshBatteryInfo isBatteryLow: ,2
f094c934,handleBatteryUpdate,179
942f09c2,"updateClipping <*> getTopPadding=., Translation=-.",6
cd399a7b,getRunningAppProcesses: caller  does not hold REAL_GET_TASKS; limiting output,13
3b5cfc1f,"animateCollapsePanels:flags=, force=true, delayed=true, mExpandedVisible=true",6
194ea104,"updateClipping isOverlap:false, getTopPadding=., Translation=-.",58
d6169692,updateDimmedActivatedHideSensitive overlap:false,64
